Song title,Composer/author,Lyricist,Publisher/copyright information,Source/origin information,Existing copyright notice,Current status in LiturgyFlow,Rights classification,Classification notes
Alay Namin,Carlo Magno Marcelo,,,,,In LiturgyFlow repertoire; lyrics available for Mass presentation use; language listed as Tagalog,B,Composer/author attributed in LiturgyFlow; rights holder/publisher not recorded — needs verification
Alay Ng Bayan,,,,,,In LiturgyFlow repertoire; lyrics available for Mass presentation use; language listed as Tagalog,D,"No composer/author, lyricist, publisher, or copyright notice recorded in LiturgyFlow"
Alay Sa Diyos,,,,,,In LiturgyFlow repertoire; lyrics available for Mass presentation use; language listed as Tagalog,D,"No composer/author, lyricist, publisher, or copyright notice recorded in LiturgyFlow"
All Creatures Of Our God And King,,,,,,In LiturgyFlow repertoire; lyrics available for Mass presentation use; language listed as English,D,"No composer/author, lyricist, publisher, or copyright notice recorded in LiturgyFlow"
All The Ends Of The World,,,,,,In LiturgyFlow repertoire; lyrics available for Mass presentation use; language listed as English,D,"No composer/author, lyricist, publisher, or copyright notice recorded in LiturgyFlow"
Alleluia! Sing to Jesus,,,,,,In LiturgyFlow repertoire; lyrics available for Mass presentation use,D,"No composer/author, lyricist, publisher, or copyright notice recorded in LiturgyFlow"
Ama Namin (bukas Palad),Bukas Palad,,,,,In LiturgyFlow repertoire; lyrics available for Mass presentation use; language listed as Tagalog,B,Composer/author attributed in LiturgyFlow; rights holder/publisher not recorded — needs verification
Ama Namin (francisco),Manoling Francisco,,,,,In LiturgyFlow repertoire; lyrics available for Mass presentation use; language listed as Tagalog,B,Composer/author attributed in LiturgyFlow; rights holder/publisher not recorded — needs verification
Ama Namin (hontiveros),Eduardo Hontiveros,,,,,In LiturgyFlow repertoire; lyrics available for Mass presentation use; language listed as Tagalog,B,Composer/author attributed in LiturgyFlow; rights holder/publisher not recorded — needs verification
Amare Et Servire,,,,,,In LiturgyFlow repertoire; lyrics available for Mass presentation use; language listed as English,D,"No composer/author, lyricist, publisher, or copyright notice recorded in LiturgyFlow"
Amen (world Youth Day),,,,,,In LiturgyFlow repertoire; lyrics available for Mass presentation use; language listed as Tagalog,D,"No composer/author, lyricist, publisher, or copyright notice recorded in LiturgyFlow"
Amen (wybat),,,,,,In LiturgyFlow repertoire; lyrics available for Mass presentation use; language listed as Tagalog,D,"No composer/author, lyricist, publisher, or copyright notice recorded in LiturgyFlow"
Aming Ipinahahayag,,,,,,In LiturgyFlow repertoire; lyrics available for Mass presentation use; language listed as Tagalog,D,"No composer/author, lyricist, publisher, or copyright notice recorded in LiturgyFlow"
Ang Tanging Alay Ko,,,,,,In LiturgyFlow repertoire; lyrics available for Mass presentation use; language listed as Tagalog,D,"No composer/author, lyricist, publisher, or copyright notice recorded in LiturgyFlow"
Anima Christi,,,,,,In LiturgyFlow repertoire; lyrics available for Mass presentation use; language listed as English,D,"No composer/author, lyricist, publisher, or copyright notice recorded in LiturgyFlow"
Awit Ng Paghahangad,Charlie Cenzon,,,,,In LiturgyFlow repertoire; lyrics available for Mass presentation use; language listed as Tagalog,B,Composer/author attributed in LiturgyFlow; rights holder/publisher not recorded — needs verification
Awit Ng Pagkakaisa,,,,,,In LiturgyFlow repertoire; lyrics available for Mass presentation use; language listed as Tagalog,D,"No composer/author, lyricist, publisher, or copyright notice recorded in LiturgyFlow"
Balang Araw,Manoling Francisco,,,,,In LiturgyFlow repertoire; lyrics available for Mass presentation use; language listed as Tagalog,B,Composer/author attributed in LiturgyFlow; rights holder/publisher not recorded — needs verification
Bawat Sandali,Arturo Perez,,,,,In LiturgyFlow repertoire; lyrics available for Mass presentation use; language listed as Tagalog,B,Composer/author attributed in LiturgyFlow; rights holder/publisher not recorded — needs verification
"Bayan, Magsiawit Na!",Arnel Aquino,,,,,In LiturgyFlow repertoire; lyrics available for Mass presentation use; language listed as Tagalog,B,Composer/author attributed in LiturgyFlow; rights holder/publisher not recorded — needs verification
"Bayan, Umapaw Sa Pag-asa",Ricky Manalo,,,,,In LiturgyFlow repertoire; lyrics available for Mass presentation use; language listed as Tagalog,B,Composer/author attributed in LiturgyFlow; rights holder/publisher not recorded — needs verification
Be Not Afraid,,,,,,In LiturgyFlow repertoire; lyrics available for Mass presentation use; language listed as English,D,"No composer/author, lyricist, publisher, or copyright notice recorded in LiturgyFlow"
Blessed Be God,,,,,,In LiturgyFlow repertoire; lyrics available for Mass presentation use; language listed as English,D,"No composer/author, lyricist, publisher, or copyright notice recorded in LiturgyFlow"
Buksan Ang Aming Puso,Eduardo Hontiveros,,,,,In LiturgyFlow repertoire; lyrics available for Mass presentation use; language listed as Tagalog,B,Composer/author attributed in LiturgyFlow; rights holder/publisher not recorded — needs verification
Christify,,,,,,In LiturgyFlow repertoire; lyrics available for Mass presentation use; language listed as English,D,"No composer/author, lyricist, publisher, or copyright notice recorded in LiturgyFlow"
City Of God,,,,,,In LiturgyFlow repertoire; lyrics available for Mass presentation use; language listed as English,D,"No composer/author, lyricist, publisher, or copyright notice recorded in LiturgyFlow"
Confidite Ego Vici Mundum,,,,,,In LiturgyFlow repertoire; lyrics available for Mass presentation use; language listed as Mix,D,"No composer/author, lyricist, publisher, or copyright notice recorded in LiturgyFlow"
Covenant Journey,,,,,,In LiturgyFlow repertoire; lyrics available for Mass presentation use; language listed as English,D,"No composer/author, lyricist, publisher, or copyright notice recorded in LiturgyFlow"
Crown Him With Many Crowns,,,,,,In LiturgyFlow repertoire; lyrics available for Mass presentation use; language listed as Tagalog,D,"No composer/author, lyricist, publisher, or copyright notice recorded in LiturgyFlow"
Dakilang Amen (francisco),Manoling Francisco,,,,,In LiturgyFlow repertoire; lyrics available for Mass presentation use; language listed as Tagalog,B,Composer/author attributed in LiturgyFlow; rights holder/publisher not recorded — needs verification
Doxology (praise God From Whom All Blessings Flow),,,,,,In LiturgyFlow repertoire; lyrics available for Mass presentation use; language listed as English,D,"No composer/author, lyricist, publisher, or copyright notice recorded in LiturgyFlow"
Eat This Bread,,,,,,In LiturgyFlow repertoire; lyrics available for Mass presentation use,D,"No composer/author, lyricist, publisher, or copyright notice recorded in LiturgyFlow"
"Enter, Rejoice And Come In",,,,,,In LiturgyFlow repertoire; lyrics available for Mass presentation use; language listed as English,D,"No composer/author, lyricist, publisher, or copyright notice recorded in LiturgyFlow"
Fragile Vessel,,,,,,In LiturgyFlow repertoire; lyrics available for Mass presentation use; language listed as English,D,"No composer/author, lyricist, publisher, or copyright notice recorded in LiturgyFlow"
Gift Of Finest Wheat,,,,,,In LiturgyFlow repertoire; lyrics available for Mass presentation use; language listed as English,D,"No composer/author, lyricist, publisher, or copyright notice recorded in LiturgyFlow"
Glory and Praise to Our God,Dan Schutte,,,,,In LiturgyFlow repertoire; lyrics available for Mass presentation use; language listed as English,B,Composer/author attributed in LiturgyFlow; rights holder/publisher not recorded — needs verification
Go Make a Difference,,,,,,In LiturgyFlow repertoire; lyrics available for Mass presentation use,D,"No composer/author, lyricist, publisher, or copyright notice recorded in LiturgyFlow"
God of Our Fathers,,,,,,In LiturgyFlow repertoire; lyrics available for Mass presentation use,D,"No composer/author, lyricist, publisher, or copyright notice recorded in LiturgyFlow"
Great Is Our God,,,,,,In LiturgyFlow repertoire; lyrics available for Mass presentation use; language listed as English,D,"No composer/author, lyricist, publisher, or copyright notice recorded in LiturgyFlow"
Halina At Lumapit,,,,,,In LiturgyFlow repertoire; lyrics available for Mass presentation use; language listed as Tagalog,D,"No composer/author, lyricist, publisher, or copyright notice recorded in LiturgyFlow"
Halina't Umawit,,,,,,In LiturgyFlow repertoire; lyrics available for Mass presentation use; language listed as Tagalog,D,"No composer/author, lyricist, publisher, or copyright notice recorded in LiturgyFlow"
"Halina, Hesus, Halina",Eduardo Hontiveros,,,,,In LiturgyFlow repertoire; lyrics available for Mass presentation use; language listed as Tagalog,B,Composer/author attributed in LiturgyFlow; rights holder/publisher not recorded — needs verification
"Here I Am, Lord",,,,,,In LiturgyFlow repertoire; lyrics available for Mass presentation use; language listed as English,D,"No composer/author, lyricist, publisher, or copyright notice recorded in LiturgyFlow"
Here We Are,Don Moen,,,,,In LiturgyFlow repertoire; lyrics available for Mass presentation use; language listed as English,B,Composer/author attributed in LiturgyFlow; rights holder/publisher not recorded — needs verification
Hesus Na Aking Kapatid,Eduardo Hontiveros,,,,,In LiturgyFlow repertoire; lyrics available for Mass presentation use; language listed as Tagalog,B,Composer/author attributed in LiturgyFlow; rights holder/publisher not recorded — needs verification
Hesus Ng Aking Buhay,Arnel Aquino,,,,,In LiturgyFlow repertoire; lyrics available for Mass presentation use; language listed as Tagalog,B,Composer/author attributed in LiturgyFlow; rights holder/publisher not recorded — needs verification
Hindi Kita Malilimutan,Manoling Francisco,,,,,In LiturgyFlow repertoire; lyrics available for Mass presentation use; language listed as Tagalog,B,Composer/author attributed in LiturgyFlow; rights holder/publisher not recorded — needs verification
"Holy, Holy, Holy",,,,,,In LiturgyFlow repertoire; lyrics available for Mass presentation use; language listed as Tagalog,D,"No composer/author, lyricist, publisher, or copyright notice recorded in LiturgyFlow"
How Lovely Is Your Dwelling Place,,,,,,In LiturgyFlow repertoire; lyrics available for Mass presentation use; language listed as English,D,"No composer/author, lyricist, publisher, or copyright notice recorded in LiturgyFlow"
Humayo't Ihayag,,,,,,In LiturgyFlow repertoire; lyrics available for Mass presentation use; language listed as Tagalog,D,"No composer/author, lyricist, publisher, or copyright notice recorded in LiturgyFlow"
I Am the Bread of Life,,,,,,In LiturgyFlow repertoire; lyrics available for Mass presentation use,D,"No composer/author, lyricist, publisher, or copyright notice recorded in LiturgyFlow"
I Seek You For I Thirst,,,,,,In LiturgyFlow repertoire; lyrics available for Mass presentation use; language listed as English,D,"No composer/author, lyricist, publisher, or copyright notice recorded in LiturgyFlow"
Iesu Panis Vitae,Bukas Palad Ministry,,,,,In LiturgyFlow repertoire; lyrics available for Mass presentation use; language listed as Mix,B,Composer/author attributed in LiturgyFlow; rights holder/publisher not recorded — needs verification
Il Signõre,,,,,,In LiturgyFlow repertoire; lyrics available for Mass presentation use; language listed as English,D,"No composer/author, lyricist, publisher, or copyright notice recorded in LiturgyFlow"
In Him Alone,,,,,,In LiturgyFlow repertoire; lyrics available for Mass presentation use; language listed as English,D,"No composer/author, lyricist, publisher, or copyright notice recorded in LiturgyFlow"
Isang Bansa,,,,,,In LiturgyFlow repertoire; lyrics available for Mass presentation use; language listed as Tagalog,D,"No composer/author, lyricist, publisher, or copyright notice recorded in LiturgyFlow"
"Isang Pagkain, Isang Katawan, Isang Bayan",Lucio San Pedro,,,,,In LiturgyFlow repertoire; lyrics available for Mass presentation use; language listed as Tagalog,B,Composer/author attributed in LiturgyFlow; rights holder/publisher not recorded — needs verification
Isang Pagwiwisik (asperges Me),,,,,,In LiturgyFlow repertoire; lyrics available for Mass presentation use; language listed as Tagalog,D,"No composer/author, lyricist, publisher, or copyright notice recorded in LiturgyFlow"
Isang Pananampalataya,Eduardo Hontiveros,,,,,In LiturgyFlow repertoire; lyrics available for Mass presentation use; language listed as Tagalog,B,Composer/author attributed in LiturgyFlow; rights holder/publisher not recorded — needs verification
"Jesus, My Lord, My God, My All",,,,,,In LiturgyFlow repertoire; lyrics available for Mass presentation use,D,"No composer/author, lyricist, publisher, or copyright notice recorded in LiturgyFlow"
"Joyful, Joyful, We Adore Thee",,,,,,In LiturgyFlow repertoire; lyrics available for Mass presentation use; language listed as English,D,"No composer/author, lyricist, publisher, or copyright notice recorded in LiturgyFlow"
Kaawaan Mo Kami,Arnel Aquino,,,,,In LiturgyFlow repertoire; lyrics available for Mass presentation use; language listed as Tagalog,B,Composer/author attributed in LiturgyFlow; rights holder/publisher not recorded — needs verification
Kapuri-puri Ka,,,,,,In LiturgyFlow repertoire; lyrics available for Mass presentation use; language listed as Tagalog,D,"No composer/author, lyricist, publisher, or copyright notice recorded in LiturgyFlow"
Kordero Ng Diyos (aquino),Arnel Aquino,,,,,In LiturgyFlow repertoire; lyrics available for Mass presentation use; language listed as Tagalog,B,Composer/author attributed in LiturgyFlow; rights holder/publisher not recorded — needs verification
Kordero Ng Diyos (arboleda),,,,,,In LiturgyFlow repertoire; lyrics available for Mass presentation use; language listed as Tagalog,D,"No composer/author, lyricist, publisher, or copyright notice recorded in LiturgyFlow"
Kordero Ng Diyos (bukas Palad),Bukas Palad,,,,,In LiturgyFlow repertoire; lyrics available for Mass presentation use; language listed as Tagalog,B,Composer/author attributed in LiturgyFlow; rights holder/publisher not recorded — needs verification
Kordero Ng Diyos (francisco),Manoling Francisco,,,,,In LiturgyFlow repertoire; lyrics available for Mass presentation use; language listed as Tagalog,B,Composer/author attributed in LiturgyFlow; rights holder/publisher not recorded — needs verification
Kordero Ng Diyos (hontiveros),Eduardo Hontiveros,,,,,In LiturgyFlow repertoire; lyrics available for Mass presentation use; language listed as Tagalog,B,Composer/author attributed in LiturgyFlow; rights holder/publisher not recorded — needs verification
Kordero Ng Diyos (marcelo),Carlo Magno Marcelo,,,,,In LiturgyFlow repertoire; lyrics available for Mass presentation use; language listed as Tagalog,B,Composer/author attributed in LiturgyFlow; rights holder/publisher not recorded — needs verification
"Lead Me, Lord",,,,,,In LiturgyFlow repertoire; lyrics available for Mass presentation use,D,"No composer/author, lyricist, publisher, or copyright notice recorded in LiturgyFlow"
Let Us Break Bread Together,,,,,,In LiturgyFlow repertoire; lyrics available for Mass presentation use,D,"No composer/author, lyricist, publisher, or copyright notice recorded in LiturgyFlow"
Living Sacrifice,Chris Christian,,,,,In LiturgyFlow repertoire; lyrics available for Mass presentation use; language listed as English,B,Composer/author attributed in LiturgyFlow; rights holder/publisher not recorded — needs verification
Love Is The Answer,,,,,,In LiturgyFlow repertoire; lyrics available for Mass presentation use; language listed as English,D,"No composer/author, lyricist, publisher, or copyright notice recorded in LiturgyFlow"
Magsiawit Sa Panginoon,Danny Isidro,,,,,In LiturgyFlow repertoire; lyrics available for Mass presentation use; language listed as Tagalog,B,Composer/author attributed in LiturgyFlow; rights holder/publisher not recorded — needs verification
Make Me a Channel of Your PEace,,,,,,In LiturgyFlow repertoire; lyrics available for Mass presentation use; language listed as English,D,"No composer/author, lyricist, publisher, or copyright notice recorded in LiturgyFlow"
Manalig Ka,Tinig San Jose,,,,,In LiturgyFlow repertoire; lyrics available for Mass presentation use; language listed as Tagalog,B,Composer/author attributed in LiturgyFlow; rights holder/publisher not recorded — needs verification
Mula Sa 'yo,Manoling Francisco,,,,,In LiturgyFlow repertoire; lyrics available for Mass presentation use; language listed as Tagalog,B,Composer/author attributed in LiturgyFlow; rights holder/publisher not recorded — needs verification
My Heart Thanksgiving,,,,,,In LiturgyFlow repertoire; lyrics available for Mass presentation use; language listed as English,D,"No composer/author, lyricist, publisher, or copyright notice recorded in LiturgyFlow"
"Narito Ako, Panginoon",Rene San Andres,,,,,In LiturgyFlow repertoire; lyrics available for Mass presentation use; language listed as Tagalog,B,Composer/author attributed in LiturgyFlow; rights holder/publisher not recorded — needs verification
"One Bread, One Body",,,,,,In LiturgyFlow repertoire; lyrics available for Mass presentation use; language listed as English,D,"No composer/author, lyricist, publisher, or copyright notice recorded in LiturgyFlow"
One More Gift,,,,,,In LiturgyFlow repertoire; lyrics available for Mass presentation use; language listed as English,D,"No composer/author, lyricist, publisher, or copyright notice recorded in LiturgyFlow"
"Onward, Christian Soldiers",,,,,,In LiturgyFlow repertoire; lyrics available for Mass presentation use,D,"No composer/author, lyricist, publisher, or copyright notice recorded in LiturgyFlow"
Pag-aalaala,Manoling Francisco,,,,,In LiturgyFlow repertoire; lyrics available for Mass presentation use; language listed as Tagalog,B,Composer/author attributed in LiturgyFlow; rights holder/publisher not recorded — needs verification
Paghahandog,Rene San Andres,,,,,In LiturgyFlow repertoire; lyrics available for Mass presentation use; language listed as Tagalog,B,Composer/author attributed in LiturgyFlow; rights holder/publisher not recorded — needs verification
Paghahandog Ng Sarili,Eduardo Hontiveros,,,,,In LiturgyFlow repertoire; lyrics available for Mass presentation use; language listed as Tagalog,B,Composer/author attributed in LiturgyFlow; rights holder/publisher not recorded — needs verification
Pagkakaibigan,Hangad,,,,,In LiturgyFlow repertoire; lyrics available for Mass presentation use; language listed as Tagalog,B,Composer/author attributed in LiturgyFlow; rights holder/publisher not recorded — needs verification
Pagsibol,,,,,,In LiturgyFlow repertoire; lyrics available for Mass presentation use; language listed as Tagalog,D,"No composer/author, lyricist, publisher, or copyright notice recorded in LiturgyFlow"
"Panginoon, Maawa Ka (bukas Palad)",Bukas Palad,,,,,In LiturgyFlow repertoire; lyrics available for Mass presentation use; language listed as Tagalog,B,Composer/author attributed in LiturgyFlow; rights holder/publisher not recorded — needs verification
"Panginoon, Maawa Ka (francisco)",Manoling Francisco,,,,,In LiturgyFlow repertoire; lyrics available for Mass presentation use; language listed as Tagalog,B,Composer/author attributed in LiturgyFlow; rights holder/publisher not recorded — needs verification
"Panginoon, Maawa Ka (hontiveros)",Eduardo Hontiveros,,,,,In LiturgyFlow repertoire; lyrics available for Mass presentation use; language listed as Tagalog,B,Composer/author attributed in LiturgyFlow; rights holder/publisher not recorded — needs verification
"Praise To The Lord, The Almighty",,,,,,In LiturgyFlow repertoire; lyrics available for Mass presentation use; language listed as Tagalog,D,"No composer/author, lyricist, publisher, or copyright notice recorded in LiturgyFlow"
Prayer For Generosity,,,,,,In LiturgyFlow repertoire; lyrics available for Mass presentation use; language listed as English,D,"No composer/author, lyricist, publisher, or copyright notice recorded in LiturgyFlow"
Pumasok Kayo,,,,,,In LiturgyFlow repertoire; lyrics available for Mass presentation use; language listed as Tagalog,D,"No composer/author, lyricist, publisher, or copyright notice recorded in LiturgyFlow"
Purihin Ang Panginoon,Fr. Leo Nilo,,,,,In LiturgyFlow repertoire; lyrics available for Mass presentation use; language listed as Tagalog,B,Composer/author attributed in LiturgyFlow; rights holder/publisher not recorded — needs verification
Sa Hapag Ng Panginoon,Manoling Francisco,,,,,In LiturgyFlow repertoire; lyrics available for Mass presentation use; language listed as Tagalog,B,Composer/author attributed in LiturgyFlow; rights holder/publisher not recorded — needs verification
Sa Krus Mo At Pagkabuhay,Manoling Francisco,,,,,In LiturgyFlow repertoire; lyrics available for Mass presentation use; language listed as Tagalog,B,Composer/author attributed in LiturgyFlow; rights holder/publisher not recorded — needs verification
Santo (francisco),Manoling Francisco,,,,,In LiturgyFlow repertoire; lyrics available for Mass presentation use; language listed as Tagalog,B,Composer/author attributed in LiturgyFlow; rights holder/publisher not recorded — needs verification
Santo (hontiveros),Eduardo Hontiveros,,,,,In LiturgyFlow repertoire; lyrics available for Mass presentation use; language listed as Tagalog,B,Composer/author attributed in LiturgyFlow; rights holder/publisher not recorded — needs verification
Santo (ramirez),,,,,,In LiturgyFlow repertoire; lyrics available for Mass presentation use; language listed as Tagalog,D,"No composer/author, lyricist, publisher, or copyright notice recorded in LiturgyFlow"
"Santo, Santo, Santo (aquino)",Arnel Aquino,,,,,In LiturgyFlow repertoire; lyrics available for Mass presentation use; language listed as Tagalog,B,Composer/author attributed in LiturgyFlow; rights holder/publisher not recorded — needs verification
Sapagkat Sa'yo Ang Kaharian,Eduardo Hontiveros,,,,,In LiturgyFlow repertoire; lyrics available for Mass presentation use; language listed as Tagalog,B,Composer/author attributed in LiturgyFlow; rights holder/publisher not recorded — needs verification
Shine Jesus Shine,,,,,,In LiturgyFlow repertoire; lyrics available for Mass presentation use; language listed as English,D,"No composer/author, lyricist, publisher, or copyright notice recorded in LiturgyFlow"
Si Kristo Ay Namatay,Eduardo Hontiveros,,,,,In LiturgyFlow repertoire; lyrics available for Mass presentation use; language listed as Tagalog,B,Composer/author attributed in LiturgyFlow; rights holder/publisher not recorded — needs verification
Sing A New Song,,,,,,In LiturgyFlow repertoire; lyrics available for Mass presentation use; language listed as English,D,"No composer/author, lyricist, publisher, or copyright notice recorded in LiturgyFlow"
Sing To The Mountains,,,,,,In LiturgyFlow repertoire; lyrics available for Mass presentation use; language listed as English,D,"No composer/author, lyricist, publisher, or copyright notice recorded in LiturgyFlow"
Soul of My Savior,,,,,,In LiturgyFlow repertoire; lyrics available for Mass presentation use,D,"No composer/author, lyricist, publisher, or copyright notice recorded in LiturgyFlow"
Sumasamo Kami Sa'yo,,,,,,In LiturgyFlow repertoire; lyrics available for Mass presentation use; language listed as Tagalog,D,"No composer/author, lyricist, publisher, or copyright notice recorded in LiturgyFlow"
Table Of Plenty,,,,,,In LiturgyFlow repertoire; lyrics available for Mass presentation use; language listed as English,D,"No composer/author, lyricist, publisher, or copyright notice recorded in LiturgyFlow"
Take And Receive,Bukas Palad Ministry,,,,,In LiturgyFlow repertoire; lyrics available for Mass presentation use; language listed as English,B,Composer/author attributed in LiturgyFlow; rights holder/publisher not recorded — needs verification
Take My Life and Let It Be,,,,,,In LiturgyFlow repertoire; lyrics available for Mass presentation use,D,"No composer/author, lyricist, publisher, or copyright notice recorded in LiturgyFlow"
Take Oh Lord This Offering,,,,,,In LiturgyFlow repertoire; lyrics available for Mass presentation use; language listed as English,D,"No composer/author, lyricist, publisher, or copyright notice recorded in LiturgyFlow"
"Take, O Take Me As I Am",,,,,,In LiturgyFlow repertoire; lyrics available for Mass presentation use,D,"No composer/author, lyricist, publisher, or copyright notice recorded in LiturgyFlow"
"Tanggapin Mo, Panginoon",,,,,,In LiturgyFlow repertoire; lyrics available for Mass presentation use; language listed as Tagalog,D,"No composer/author, lyricist, publisher, or copyright notice recorded in LiturgyFlow"
Tanging Yaman,Manoling Francisco,,,,,In LiturgyFlow repertoire; lyrics available for Mass presentation use; language listed as Tagalog,B,Composer/author attributed in LiturgyFlow; rights holder/publisher not recorded — needs verification
Taste and See,,,,,,In LiturgyFlow repertoire; lyrics available for Mass presentation use,D,"No composer/author, lyricist, publisher, or copyright notice recorded in LiturgyFlow"
Tayo'y Magpuri,,,,,,In LiturgyFlow repertoire; lyrics available for Mass presentation use; language listed as Tagalog,D,"No composer/author, lyricist, publisher, or copyright notice recorded in LiturgyFlow"
Tell The World Of His Love,,,,,,In LiturgyFlow repertoire; lyrics available for Mass presentation use; language listed as English,D,"No composer/author, lyricist, publisher, or copyright notice recorded in LiturgyFlow"
The Seed,J. Nez F. Marcelli,,,,,In LiturgyFlow repertoire; lyrics available for Mass presentation use; language listed as English,B,Composer/author attributed in LiturgyFlow; rights holder/publisher not recorded — needs verification
Tinapay At Alak Naming Hatid,,,,,,In LiturgyFlow repertoire; lyrics available for Mass presentation use; language listed as Tagalog,D,"No composer/author, lyricist, publisher, or copyright notice recorded in LiturgyFlow"
Tinapay Ng Buhay,,,,,,In LiturgyFlow repertoire; lyrics available for Mass presentation use; language listed as Tagalog,D,"No composer/author, lyricist, publisher, or copyright notice recorded in LiturgyFlow"
"To Jesus Christ, Our Sovereign King",,,,,,In LiturgyFlow repertoire; lyrics available for Mass presentation use,D,"No composer/author, lyricist, publisher, or copyright notice recorded in LiturgyFlow"
Unang Alay,Rey Magnaye,,,,,In LiturgyFlow repertoire; lyrics available for Mass presentation use; language listed as Tagalog,B,Composer/author attributed in LiturgyFlow; rights holder/publisher not recorded — needs verification
We Are Called,David Haas,,,,,In LiturgyFlow repertoire; lyrics available for Mass presentation use; language listed as English,B,Composer/author attributed in LiturgyFlow; rights holder/publisher not recorded — needs verification
We Give Thee But Thine Own,,,,,,In LiturgyFlow repertoire; lyrics available for Mass presentation use,D,"No composer/author, lyricist, publisher, or copyright notice recorded in LiturgyFlow"
You Are Mine,David Haas,,,,,In LiturgyFlow repertoire; lyrics available for Mass presentation use; language listed as English,B,Composer/author attributed in LiturgyFlow; rights holder/publisher not recorded — needs verification
You Are Near,Dan Schutte,,,,,In LiturgyFlow repertoire; lyrics available for Mass presentation use; language listed as English,B,Composer/author attributed in LiturgyFlow; rights holder/publisher not recorded — needs verification
Your Heart Today,,,,,,In LiturgyFlow repertoire; lyrics available for Mass presentation use; language listed as English,D,"No composer/author, lyricist, publisher, or copyright notice recorded in LiturgyFlow"
