Song title,Composer/author,Lyricist,Publisher/copyright information,Source/origin information,Existing copyright notice,Current status in LiturgyFlow,Rights classification,Classification notes,Potential JesCom/JMM relevance (catalog attribution only),Verification status
Ama Namin (bukas Palad),Bukas Palad,,,,,In LiturgyFlow repertoire; lyrics available for Mass presentation use; language listed as Tagalog,B,Composer/author attributed in LiturgyFlow; rights holder/publisher not recorded — needs verification,Catalog lists Bukas Palad / Bukas Palad Ministry,TO BE VERIFIED — not asserted as JesCom/JMM-owned
Ama Namin (francisco),Manoling Francisco,,,,,In LiturgyFlow repertoire; lyrics available for Mass presentation use; language listed as Tagalog,B,Composer/author attributed in LiturgyFlow; rights holder/publisher not recorded — needs verification,Catalog lists Manoling Francisco / Francisco variant,TO BE VERIFIED — not asserted as JesCom/JMM-owned
Ama Namin (hontiveros),Eduardo Hontiveros,,,,,In LiturgyFlow repertoire; lyrics available for Mass presentation use; language listed as Tagalog,B,Composer/author attributed in LiturgyFlow; rights holder/publisher not recorded — needs verification,Catalog lists Eduardo Hontiveros / Hontiveros variant,TO BE VERIFIED — not asserted as JesCom/JMM-owned
Balang Araw,Manoling Francisco,,,,,In LiturgyFlow repertoire; lyrics available for Mass presentation use; language listed as Tagalog,B,Composer/author attributed in LiturgyFlow; rights holder/publisher not recorded — needs verification,Catalog lists Manoling Francisco / Francisco variant,TO BE VERIFIED — not asserted as JesCom/JMM-owned
"Bayan, Magsiawit Na!",Arnel Aquino,,,,,In LiturgyFlow repertoire; lyrics available for Mass presentation use; language listed as Tagalog,B,Composer/author attributed in LiturgyFlow; rights holder/publisher not recorded — needs verification,Catalog lists Arnel Aquino / Aquino variant,TO BE VERIFIED — not asserted as JesCom/JMM-owned
Buksan Ang Aming Puso,Eduardo Hontiveros,,,,,In LiturgyFlow repertoire; lyrics available for Mass presentation use; language listed as Tagalog,B,Composer/author attributed in LiturgyFlow; rights holder/publisher not recorded — needs verification,Catalog lists Eduardo Hontiveros / Hontiveros variant,TO BE VERIFIED — not asserted as JesCom/JMM-owned
Dakilang Amen (francisco),Manoling Francisco,,,,,In LiturgyFlow repertoire; lyrics available for Mass presentation use; language listed as Tagalog,B,Composer/author attributed in LiturgyFlow; rights holder/publisher not recorded — needs verification,Catalog lists Manoling Francisco / Francisco variant,TO BE VERIFIED — not asserted as JesCom/JMM-owned
"Halina, Hesus, Halina",Eduardo Hontiveros,,,,,In LiturgyFlow repertoire; lyrics available for Mass presentation use; language listed as Tagalog,B,Composer/author attributed in LiturgyFlow; rights holder/publisher not recorded — needs verification,Catalog lists Eduardo Hontiveros / Hontiveros variant,TO BE VERIFIED — not asserted as JesCom/JMM-owned
Hesus Na Aking Kapatid,Eduardo Hontiveros,,,,,In LiturgyFlow repertoire; lyrics available for Mass presentation use; language listed as Tagalog,B,Composer/author attributed in LiturgyFlow; rights holder/publisher not recorded — needs verification,Catalog lists Eduardo Hontiveros / Hontiveros variant,TO BE VERIFIED — not asserted as JesCom/JMM-owned
Hesus Ng Aking Buhay,Arnel Aquino,,,,,In LiturgyFlow repertoire; lyrics available for Mass presentation use; language listed as Tagalog,B,Composer/author attributed in LiturgyFlow; rights holder/publisher not recorded — needs verification,Catalog lists Arnel Aquino / Aquino variant,TO BE VERIFIED — not asserted as JesCom/JMM-owned
Hindi Kita Malilimutan,Manoling Francisco,,,,,In LiturgyFlow repertoire; lyrics available for Mass presentation use; language listed as Tagalog,B,Composer/author attributed in LiturgyFlow; rights holder/publisher not recorded — needs verification,Catalog lists Manoling Francisco / Francisco variant,TO BE VERIFIED — not asserted as JesCom/JMM-owned
Iesu Panis Vitae,Bukas Palad Ministry,,,,,In LiturgyFlow repertoire; lyrics available for Mass presentation use; language listed as Mix,B,Composer/author attributed in LiturgyFlow; rights holder/publisher not recorded — needs verification,Catalog lists Bukas Palad / Bukas Palad Ministry,TO BE VERIFIED — not asserted as JesCom/JMM-owned
Isang Pananampalataya,Eduardo Hontiveros,,,,,In LiturgyFlow repertoire; lyrics available for Mass presentation use; language listed as Tagalog,B,Composer/author attributed in LiturgyFlow; rights holder/publisher not recorded — needs verification,Catalog lists Eduardo Hontiveros / Hontiveros variant,TO BE VERIFIED — not asserted as JesCom/JMM-owned
Kaawaan Mo Kami,Arnel Aquino,,,,,In LiturgyFlow repertoire; lyrics available for Mass presentation use; language listed as Tagalog,B,Composer/author attributed in LiturgyFlow; rights holder/publisher not recorded — needs verification,Catalog lists Arnel Aquino / Aquino variant,TO BE VERIFIED — not asserted as JesCom/JMM-owned
Kordero Ng Diyos (aquino),Arnel Aquino,,,,,In LiturgyFlow repertoire; lyrics available for Mass presentation use; language listed as Tagalog,B,Composer/author attributed in LiturgyFlow; rights holder/publisher not recorded — needs verification,Catalog lists Arnel Aquino / Aquino variant,TO BE VERIFIED — not asserted as JesCom/JMM-owned
Kordero Ng Diyos (bukas Palad),Bukas Palad,,,,,In LiturgyFlow repertoire; lyrics available for Mass presentation use; language listed as Tagalog,B,Composer/author attributed in LiturgyFlow; rights holder/publisher not recorded — needs verification,Catalog lists Bukas Palad / Bukas Palad Ministry,TO BE VERIFIED — not asserted as JesCom/JMM-owned
Kordero Ng Diyos (francisco),Manoling Francisco,,,,,In LiturgyFlow repertoire; lyrics available for Mass presentation use; language listed as Tagalog,B,Composer/author attributed in LiturgyFlow; rights holder/publisher not recorded — needs verification,Catalog lists Manoling Francisco / Francisco variant,TO BE VERIFIED — not asserted as JesCom/JMM-owned
Kordero Ng Diyos (hontiveros),Eduardo Hontiveros,,,,,In LiturgyFlow repertoire; lyrics available for Mass presentation use; language listed as Tagalog,B,Composer/author attributed in LiturgyFlow; rights holder/publisher not recorded — needs verification,Catalog lists Eduardo Hontiveros / Hontiveros variant,TO BE VERIFIED — not asserted as JesCom/JMM-owned
Mula Sa 'yo,Manoling Francisco,,,,,In LiturgyFlow repertoire; lyrics available for Mass presentation use; language listed as Tagalog,B,Composer/author attributed in LiturgyFlow; rights holder/publisher not recorded — needs verification,Catalog lists Manoling Francisco / Francisco variant,TO BE VERIFIED — not asserted as JesCom/JMM-owned
Pag-aalaala,Manoling Francisco,,,,,In LiturgyFlow repertoire; lyrics available for Mass presentation use; language listed as Tagalog,B,Composer/author attributed in LiturgyFlow; rights holder/publisher not recorded — needs verification,Catalog lists Manoling Francisco / Francisco variant,TO BE VERIFIED — not asserted as JesCom/JMM-owned
Paghahandog Ng Sarili,Eduardo Hontiveros,,,,,In LiturgyFlow repertoire; lyrics available for Mass presentation use; language listed as Tagalog,B,Composer/author attributed in LiturgyFlow; rights holder/publisher not recorded — needs verification,Catalog lists Eduardo Hontiveros / Hontiveros variant,TO BE VERIFIED — not asserted as JesCom/JMM-owned
Pagkakaibigan,Hangad,,,,,In LiturgyFlow repertoire; lyrics available for Mass presentation use; language listed as Tagalog,B,Composer/author attributed in LiturgyFlow; rights holder/publisher not recorded — needs verification,Catalog lists Hangad as author,TO BE VERIFIED — not asserted as JesCom/JMM-owned
"Panginoon, Maawa Ka (bukas Palad)",Bukas Palad,,,,,In LiturgyFlow repertoire; lyrics available for Mass presentation use; language listed as Tagalog,B,Composer/author attributed in LiturgyFlow; rights holder/publisher not recorded — needs verification,Catalog lists Bukas Palad / Bukas Palad Ministry,TO BE VERIFIED — not asserted as JesCom/JMM-owned
"Panginoon, Maawa Ka (francisco)",Manoling Francisco,,,,,In LiturgyFlow repertoire; lyrics available for Mass presentation use; language listed as Tagalog,B,Composer/author attributed in LiturgyFlow; rights holder/publisher not recorded — needs verification,Catalog lists Manoling Francisco / Francisco variant,TO BE VERIFIED — not asserted as JesCom/JMM-owned
"Panginoon, Maawa Ka (hontiveros)",Eduardo Hontiveros,,,,,In LiturgyFlow repertoire; lyrics available for Mass presentation use; language listed as Tagalog,B,Composer/author attributed in LiturgyFlow; rights holder/publisher not recorded — needs verification,Catalog lists Eduardo Hontiveros / Hontiveros variant,TO BE VERIFIED — not asserted as JesCom/JMM-owned
Sa Hapag Ng Panginoon,Manoling Francisco,,,,,In LiturgyFlow repertoire; lyrics available for Mass presentation use; language listed as Tagalog,B,Composer/author attributed in LiturgyFlow; rights holder/publisher not recorded — needs verification,Catalog lists Manoling Francisco / Francisco variant,TO BE VERIFIED — not asserted as JesCom/JMM-owned
Sa Krus Mo At Pagkabuhay,Manoling Francisco,,,,,In LiturgyFlow repertoire; lyrics available for Mass presentation use; language listed as Tagalog,B,Composer/author attributed in LiturgyFlow; rights holder/publisher not recorded — needs verification,Catalog lists Manoling Francisco / Francisco variant,TO BE VERIFIED — not asserted as JesCom/JMM-owned
Santo (francisco),Manoling Francisco,,,,,In LiturgyFlow repertoire; lyrics available for Mass presentation use; language listed as Tagalog,B,Composer/author attributed in LiturgyFlow; rights holder/publisher not recorded — needs verification,Catalog lists Manoling Francisco / Francisco variant,TO BE VERIFIED — not asserted as JesCom/JMM-owned
Santo (hontiveros),Eduardo Hontiveros,,,,,In LiturgyFlow repertoire; lyrics available for Mass presentation use; language listed as Tagalog,B,Composer/author attributed in LiturgyFlow; rights holder/publisher not recorded — needs verification,Catalog lists Eduardo Hontiveros / Hontiveros variant,TO BE VERIFIED — not asserted as JesCom/JMM-owned
"Santo, Santo, Santo (aquino)",Arnel Aquino,,,,,In LiturgyFlow repertoire; lyrics available for Mass presentation use; language listed as Tagalog,B,Composer/author attributed in LiturgyFlow; rights holder/publisher not recorded — needs verification,Catalog lists Arnel Aquino / Aquino variant,TO BE VERIFIED — not asserted as JesCom/JMM-owned
Sapagkat Sa'yo Ang Kaharian,Eduardo Hontiveros,,,,,In LiturgyFlow repertoire; lyrics available for Mass presentation use; language listed as Tagalog,B,Composer/author attributed in LiturgyFlow; rights holder/publisher not recorded — needs verification,Catalog lists Eduardo Hontiveros / Hontiveros variant,TO BE VERIFIED — not asserted as JesCom/JMM-owned
Si Kristo Ay Namatay,Eduardo Hontiveros,,,,,In LiturgyFlow repertoire; lyrics available for Mass presentation use; language listed as Tagalog,B,Composer/author attributed in LiturgyFlow; rights holder/publisher not recorded — needs verification,Catalog lists Eduardo Hontiveros / Hontiveros variant,TO BE VERIFIED — not asserted as JesCom/JMM-owned
Take And Receive,Bukas Palad Ministry,,,,,In LiturgyFlow repertoire; lyrics available for Mass presentation use; language listed as English,B,Composer/author attributed in LiturgyFlow; rights holder/publisher not recorded — needs verification,Catalog lists Bukas Palad / Bukas Palad Ministry,TO BE VERIFIED — not asserted as JesCom/JMM-owned
Tanging Yaman,Manoling Francisco,,,,,In LiturgyFlow repertoire; lyrics available for Mass presentation use; language listed as Tagalog,B,Composer/author attributed in LiturgyFlow; rights holder/publisher not recorded — needs verification,Catalog lists Manoling Francisco / Francisco variant,TO BE VERIFIED — not asserted as JesCom/JMM-owned
